Priority,Target,URL,Product angle,Desired link,Status,Next action,Follow-up date
P0,Chrome Web Store listing,https://chromewebstore.google.com/detail/oajgkebdeioegjkaohcipgblnkjibple,Official install surface for WA Web Utils,https://www.wawebplus.com/,verified,Monitor listing fields and screenshots after each CWS update,2026-09-10
P0,Chrome Web Store review status,https://chrome.google.com/webstore/devconsole/662e685a-9660-4180-857a-78aa9c6cbc25/oajgkebdeioegjkaohcipgblnkjibple/edit,Pending review surface for WA Web Utils item,https://www.wawebplus.com/,pending_review,Dashboard confirmed pending review on 2026-09-13; verify public listing after approval,2026-09-14
P0,Chrome-Stats item,https://chrome-stats.com/,Browser-extension directory for the new item ID,https://www.wawebplus.com/use-cases/whatsapp-web-crm.html,checked_not_found,Public search on 2026-09-03 did not show a Chrome-Stats page for item ID oajgkebdeioegjkaohcipgblnkjibple; recheck after directory crawl delay,2026-09-06
P0,CrxSoso item,https://www.crxsoso.com/,Browser-extension directory for the new item ID,https://www.wawebplus.com/use-cases/whatsapp-web-crm.html,checked_not_found,Public search on 2026-09-03 did not show a CrxSoso detail page for item ID oajgkebdeioegjkaohcipgblnkjibple; recheck after directory crawl delay,2026-09-06
P1,AlternativeTo,https://alternativeto.net/,WA Web CRM and productivity alternative,https://www.wawebplus.com/use-cases/whatsapp-web-crm.html,owner_pending,Create or claim listing after owner/account gate is cleared,2026-09-10
P1,SaaSHub,https://www.saashub.com/submit,Sales CRM and productivity SaaS directory,https://www.wawebplus.com/use-cases/whatsapp-web-crm.html,owner_pending,Submit product with accurate category and no unsupported claims,2026-09-10
P1,Product Hunt,https://www.producthunt.com/launch,WA Web Utils relaunch after new CWS item,https://www.wawebplus.com/,owner_pending,Use only with owner support for launch-day comments and assets,2026-09-17
P1,Extension directories,https://webstoreextensions.com/,Chrome extension directory coverage,https://chromewebstore.google.com/detail/oajgkebdeioegjkaohcipgblnkjibple,ready,Check whether new CWS listing is indexed by extension directories,2026-09-06
P1,WA Web productivity guides,,Editorial CRM/scheduler/template workflow citations,https://www.wawebplus.com/use-cases/whatsapp-web-crm.html,ready,Build outreach list from ranking pages for WA Web CRM scheduler template and bulk-sender queries,2026-09-13
