Priority,Query type,Query,Target URL,Visible,First position,Result URL,Last checked,Observed result,Next action
P0,Indexation,"site:www.wawebplus.com ""WA Web Utils""",https://www.wawebplus.com/use-cases/whatsapp-web-crm.html,yes,1,https://www.wawebplus.com/use-cases/whatsapp-web-crm.html,2026-09-03,Public search shows the WA Web Utils page for a site-qualified CRM query.,Keep Search Console as indexation source of truth after the new page is crawled.
P0,Brand,"""WA Web Utils"" ""wawebplus.com""",https://www.wawebplus.com/use-cases/whatsapp-web-crm.html,yes,1,https://www.wawebplus.com/use-cases/whatsapp-web-crm.html,2026-09-03,Brand-plus-domain search shows the owned WA Web Utils page.,Build direct third-party citations to strengthen the owned page beyond branded discovery.
P0,Brand,"""WA Web Utils - Sales Workspace""",https://chromewebstore.google.com/detail/oajgkebdeioegjkaohcipgblnkjibple,partial,1,https://chromewebstore.google.com/detail/oajgkebdeioegjkaohcipgblnkjibple,2026-09-13,Public search can surface the target Chrome Web Store item ID but still shows the older public title/snippet while the updated draft is pending review.,After CWS approval verify the public title/snippet and request recrawl through available store/site surfaces.
P0,Brand,"""WA Web Utils""",https://www.wawebplus.com/,partial,,https://chromewebstore.google.com/detail/wa-web-utils-message-send/afkpjkcjohhlflbfeibjhngjbepocnpd,2026-09-13,Another established Chrome extension uses the WA Web Utils brand phrase and appears strongly in public results.,Treat WA Web Utils as a collision-risk brand; build exact-domain citations and consider a more distinctive SEO title after review stabilizes.
P0,Commercial,WA Web CRM Chrome extension,https://www.wawebplus.com/use-cases/whatsapp-web-crm.html,no,,,2026-09-13,Fresh public web search is dominated by WAPlus CRM Chrome Web Store and competitor CRM pages; no wawebplus.com result was visible in the checked sample.,Keep the WA Web CRM page targeted to this intent and build direct authority links before the next recheck.
P0,Commercial,WhatsApp Web CRM Chrome extension,https://www.wawebplus.com/use-cases/whatsapp-web-crm.html,no,,,2026-09-13,Fresh public web search is competitor dominated by established WhatsApp CRM extension listings and comparison pages; no wawebplus.com result was visible in the checked sample.,Use this as a high-value tracking query while keeping public copy centered on WA Web Utils and WA Web CRM.
P0,Commercial,WA Web scheduler Chrome extension,https://www.wawebplus.com/use-cases/chat-message-scheduler.html,no,,,2026-09-13,Fresh public web search is dominated by WA Scheduler and other scheduler Chrome Web Store results; no wawebplus.com scheduler page was visible in the checked sample.,Keep the scheduler title/meta aligned to WA Web scheduler intent and build direct citations to the scheduler page.
P0,Commercial,WhatsApp Web scheduler Chrome extension,https://www.wawebplus.com/use-cases/chat-message-scheduler.html,no,,,2026-09-13,Fresh public web search is dominated by scheduler tools and Chrome Web Store listings; no wawebplus.com result was visible in the checked sample.,Track this higher-volume trademark-sensitive query as external evidence while the site page targets WA Web scheduler language.
P1,Commercial,WA Web bulk sender Chrome extension,https://www.wawebplus.com/use-cases/chat-bulk-sender.html,no,,,2026-09-13,Fresh public web search is dominated by WA Bulk Message Sender listings and competitor sender sites; no wawebplus.com result was visible in the checked sample.,Keep bulk-sender copy focused on responsible WA Web campaign workflows and build direct citations.
P1,Commercial,WA Web message templates Chrome extension,https://www.wawebplus.com/use-cases/chat-message-templates.html,no,,,2026-09-13,Fresh public web search is dominated by Chrome Web Store template extensions and competitor pages; no wawebplus.com result was visible in the checked sample.,Keep the templates page targeted to reusable WA Web replies and build direct citations from CRM/scheduler content.
P1,Commercial,WA Web follow up reminders extension,https://www.wawebplus.com/use-cases/chat-crm.html,no,,,2026-09-13,Fresh public web search remains competitor dominated for follow-up/reminder extension intent; no wawebplus.com result was visible in the checked sample.,Keep the chat CRM page aligned to WA Web follow-up reminders and build direct authority links.
